id,lastnik,cena,vrsta,lokacija
1,Emily Johnson,5878994,stanovanje,Velenje
2,John Smith,7044193,hisa,Maribor
3,Daniel Brown,8701589,stanovanje,Ptuj
4,Michael Davis,4013391,stanovanje,Ptuj
5,Michael Davis,9585565,hisa,Kamnik
6,John Smith,698162,stanovanje,Kamnik
7,Daniel Brown,6894214,stanovanje,Kranj
8,John Smith,4438798,hisa,Trbovlje
9,John Smith,2871601,zemljisce,Maribor
10,Emily Johnson,157930,hisa,Kamnik
11,John Smith,4790118,zemljisce,Novo Mesto
12,John Smith,7469605,zemljisce,Koper
13,Michael Davis,8074073,stanovanje,Trbovlje
14,Daniel Brown,5055362,hisa,Novo Mesto
15,Daniel Brown,3902878,stanovanje,Kranj
16,Michael Davis,8051341,zemljisce,Koper
17,Emily Johnson,3061820,stanovanje,Ptuj
18,Daniel Brown,595705,stanovanje,Kranj
19,Emma Wilson,9721525,zemljisce,Koper
20,Emma Wilson,7089292,zemljisce,Maribor
21,Michael Davis,8128218,zemljisce,Velenje
22,John Smith,4222242,hisa,Novo Mesto
23,Emma Wilson,1577407,stanovanje,Kamnik
24,Emma Wilson,3782924,stanovanje,Celje
25,John Smith,8868707,hisa,Maribor
26,Michael Davis,3755707,hisa,Novo Mesto
27,Daniel Brown,3427240,zemljisce,Maribor
28,Michael Davis,1354401,stanovanje,Velenje
29,Daniel Brown,3638565,hisa,Velenje
30,Emma Wilson,2332431,hisa,Celje
31,Emily Johnson,9245549,zemljisce,Kamnik
32,Emily Johnson,7013293,hisa,Kamnik
33,Michael Davis,3390109,hisa,Celje
34,John Smith,2751104,stanovanje,Maribor
35,Michael Davis,3020452,stanovanje,Maribor
36,Michael Davis,7339829,zemljisce,Kamnik
37,Emily Johnson,5247751,stanovanje,Maribor
38,Michael Davis,3100866,hisa,Ljubljana
39,Daniel Brown,520396,zemljisce,Kamnik
40,Emma Wilson,7277943,zemljisce,Velenje
41,Emily Johnson,7028088,zemljisce,Kranj
42,John Smith,9180177,stanovanje,Novo Mesto
43,Emily Johnson,9107329,stanovanje,Koper
44,John Smith,6253871,zemljisce,Velenje
45,John Smith,9053280,stanovanje,Celje
46,Emily Johnson,7673950,zemljisce,Koper
47,Emma Wilson,2651073,stanovanje,Kamnik
48,Emma Wilson,2799353,hisa,Kamnik
49,Emma Wilson,9428592,zemljisce,Novo Mesto
50,Emma Wilson,4727846,stanovanje,Trbovlje
51,John Smith,788646,hisa,Maribor
52,John Smith,1721681,stanovanje,Celje
53,Daniel Brown,7762137,stanovanje,Kamnik
54,Daniel Brown,8616159,zemljisce,Kamnik
55,Michael Davis,619214,hisa,Kranj
56,Daniel Brown,7034884,zemljisce,Ljubljana
57,John Smith,2664412,hisa,Novo Mesto
58,Emma Wilson,1579810,zemljisce,Ljubljana
59,John Smith,582911,stanovanje,Ljubljana
60,Emily Johnson,1254303,stanovanje,Trbovlje
61,Emily Johnson,6877414,hisa,Novo Mesto
62,Emily Johnson,6472075,hisa,Velenje
63,Emily Johnson,9151666,stanovanje,Ljubljana
64,Emma Wilson,5758834,hisa,Kranj
65,John Smith,7821150,stanovanje,Ptuj
66,John Smith,5866507,stanovanje,Celje
67,Michael Davis,1937254,stanovanje,Koper
68,Daniel Brown,1653679,hisa,Ptuj
69,Emily Johnson,2725951,hisa,Trbovlje
70,Daniel Brown,8136500,hisa,Maribor
71,Emma Wilson,4736263,hisa,Kamnik
72,John Smith,2216624,hisa,Kamnik
73,Emily Johnson,9307927,stanovanje,Maribor
74,John Smith,1001643,zemljisce,Trbovlje
75,Michael Davis,7842679,stanovanje,Ptuj
76,Emma Wilson,1348603,hisa,Novo Mesto
77,Michael Davis,1094782,hisa,Kamnik
78,Emily Johnson,2981404,zemljisce,Novo Mesto
79,Daniel Brown,5819310,stanovanje,Novo Mesto
80,John Smith,9224072,hisa,Kranj
81,Michael Davis,5180262,zemljisce,Kranj
82,Michael Davis,7598873,stanovanje,Trbovlje
83,John Smith,3700449,stanovanje,Ptuj
84,Michael Davis,3608725,zemljisce,Koper
85,Daniel Brown,6275471,zemljisce,Ljubljana
86,John Smith,8033259,stanovanje,Maribor
87,Daniel Brown,5337413,stanovanje,Celje
88,Michael Davis,2751862,hisa,Maribor
89,John Smith,1373063,hisa,Trbovlje
90,Emily Johnson,7810982,stanovanje,Maribor
91,Michael Davis,5647948,zemljisce,Maribor
92,Daniel Brown,5004877,zemljisce,Trbovlje
93,Michael Davis,1689800,zemljisce,Kamnik
94,Emily Johnson,4106831,zemljisce,Novo Mesto
95,Emma Wilson,9529128,stanovanje,Ptuj
96,John Smith,1348593,zemljisce,Ljubljana
97,Daniel Brown,5770310,zemljisce,Kranj
98,Michael Davis,2761133,stanovanje,Velenje
99,Michael Davis,399016,hisa,Koper
100,Michael Davis,8389810,hisa,Novo Mesto
101,Michael Davis,2689170,hisa,Ptuj
102,John Smith,1452496,stanovanje,Velenje
103,Emily Johnson,7934660,zemljisce,Ptuj
104,Michael Davis,2659226,stanovanje,Celje
105,Emily Johnson,3783801,stanovanje,Celje
106,John Smith,547292,hisa,Trbovlje
107,Emma Wilson,3324894,zemljisce,Maribor
108,Michael Davis,9866863,hisa,Novo Mesto
109,Michael Davis,2825387,hisa,Ptuj
110,Emily Johnson,7059660,hisa,Novo Mesto
111,Daniel Brown,7682115,hisa,Maribor
112,Emma Wilson,7861047,zemljisce,Maribor
113,John Smith,7358195,zemljisce,Trbovlje
114,Michael Davis,7274097,zemljisce,Kranj
115,Emma Wilson,1413651,hisa,Kamnik
116,John Smith,6047762,zemljisce,Novo Mesto
117,John Smith,4971234,zemljisce,Celje
118,Daniel Brown,2835217,hisa,Koper
119,Michael Davis,1081936,hisa,Maribor
120,John Smith,9762697,stanovanje,Ptuj
121,Emily Johnson,8548544,zemljisce,Celje
122,Michael Davis,4047437,hisa,Kranj
123,John Smith,2688052,stanovanje,Kamnik
124,Emily Johnson,7142238,stanovanje,Velenje
125,John Smith,2908310,hisa,Kamnik
126,Emily Johnson,3506126,zemljisce,Celje
127,John Smith,4564727,stanovanje,Kranj
128,Emily Johnson,1750537,zemljisce,Ptuj
129,John Smith,3923899,zemljisce,Kranj
130,Emily Johnson,780805,hisa,Novo Mesto
131,John Smith,2833840,hisa,Trbovlje
132,Daniel Brown,4445511,stanovanje,Trbovlje
133,Emma Wilson,9852681,stanovanje,Koper
134,John Smith,3892227,stanovanje,Maribor
135,Emma Wilson,3350952,stanovanje,Kranj
136,Emma Wilson,7807459,hisa,Maribor
137,Emma Wilson,1306765,zemljisce,Koper
138,John Smith,6342691,hisa,Trbovlje
139,Michael Davis,5253695,hisa,Maribor
140,Emily Johnson,7494590,stanovanje,Novo Mesto
141,Michael Davis,6292591,stanovanje,Ptuj
142,Emma Wilson,5519431,hisa,Novo Mesto
143,Emily Johnson,2824878,stanovanje,Celje
144,Emma Wilson,493943,hisa,Velenje
145,Emma Wilson,6925484,zemljisce,Novo Mesto
146,Michael Davis,5617509,hisa,Ljubljana
147,Emma Wilson,5281793,zemljisce,Kranj
148,Emily Johnson,6282871,hisa,Maribor
149,Emma Wilson,8067259,hisa,Trbovlje
150,Emma Wilson,2824769,hisa,Ptuj
151,Emma Wilson,8765174,hisa,Kamnik
152,Daniel Brown,5112353,hisa,Kranj
153,Emily Johnson,3761965,hisa,Novo Mesto
154,Michael Davis,1722771,hisa,Celje
155,Emma Wilson,6651616,hisa,Kranj
156,Emma Wilson,3463906,stanovanje,Kamnik
157,Emily Johnson,9601904,zemljisce,Koper
158,John Smith,9368204,zemljisce,Celje
159,Emily Johnson,8821468,stanovanje,Velenje
160,John Smith,8092561,hisa,Maribor
161,Daniel Brown,6414427,zemljisce,Koper
162,Emma Wilson,4483321,hisa,Ptuj
163,Daniel Brown,4980349,hisa,Maribor
164,Emma Wilson,7711178,hisa,Trbovlje
165,John Smith,8829459,stanovanje,Kranj
166,Michael Davis,8915940,hisa,Ljubljana
167,Michael Davis,2574189,hisa,Kranj
168,Emma Wilson,4577699,hisa,Trbovlje
169,Daniel Brown,3158406,stanovanje,Trbovlje
170,Daniel Brown,5281024,stanovanje,Koper
171,Emily Johnson,2559619,stanovanje,Celje
172,Emily Johnson,4143511,hisa,Kranj
173,Emma Wilson,9688031,zemljisce,Koper
174,Daniel Brown,3770882,stanovanje,Kranj
175,Daniel Brown,4471484,stanovanje,Kranj
176,Emily Johnson,8899717,zemljisce,Ptuj
177,John Smith,4214538,hisa,Koper
178,Emma Wilson,4930501,zemljisce,Ljubljana
179,Emma Wilson,9229965,zemljisce,Trbovlje
180,Emma Wilson,6236553,stanovanje,Velenje
181,John Smith,6435427,stanovanje,Celje
182,Daniel Brown,8184519,hisa,Trbovlje
183,Daniel Brown,7795359,hisa,Kranj
184,Emily Johnson,1462180,zemljisce,Koper
185,Emma Wilson,5166890,hisa,Velenje
186,Michael Davis,8672053,hisa,Celje
187,Emily Johnson,9597641,stanovanje,Celje
188,Daniel Brown,197254,zemljisce,Celje
189,John Smith,4716416,stanovanje,Maribor
190,Michael Davis,6234556,stanovanje,Ljubljana
191,Daniel Brown,229692,zemljisce,Kamnik
192,Emily Johnson,8060622,zemljisce,Ljubljana
193,John Smith,9048133,zemljisce,Velenje
194,Daniel Brown,7856288,zemljisce,Koper
195,Emma Wilson,3532718,zemljisce,Kamnik
196,Daniel Brown,5864890,stanovanje,Celje
197,Michael Davis,9853470,hisa,Maribor
198,John Smith,7786103,hisa,Ljubljana
199,Emma Wilson,1270121,hisa,Velenje
200,Daniel Brown,7570503,zemljisce,Kranj
201,Michael Davis,8267672,hisa,Ljubljana
202,Michael Davis,1442518,stanovanje,Ptuj
203,Emily Johnson,1217108,stanovanje,Kamnik
204,Daniel Brown,631280,stanovanje,Ljubljana
205,Michael Davis,2387674,stanovanje,Ljubljana
206,John Smith,5817154,stanovanje,Kranj
207,John Smith,7493878,stanovanje,Ptuj
208,Daniel Brown,895766,hisa,Ljubljana
209,Daniel Brown,2862611,hisa,Celje
210,John Smith,7953696,hisa,Kranj
211,Emma Wilson,143517,stanovanje,Maribor
212,Michael Davis,9889360,zemljisce,Celje
213,Emma Wilson,8310428,zemljisce,Celje
214,Michael Davis,5467536,hisa,Novo Mesto
215,Michael Davis,3674116,hisa,Kamnik
216,Emily Johnson,2382803,stanovanje,Trbovlje
217,John Smith,6096391,stanovanje,Celje
218,Emily Johnson,4219254,stanovanje,Velenje
219,Daniel Brown,4383791,zemljisce,Novo Mesto
220,John Smith,6666842,zemljisce,Maribor
221,John Smith,9760336,hisa,Maribor
222,Emma Wilson,645714,hisa,Ljubljana
223,Emily Johnson,417901,zemljisce,Maribor
224,Emma Wilson,9562720,zemljisce,Celje
225,John Smith,3565948,stanovanje,Novo Mesto
226,Emma Wilson,7873889,zemljisce,Kamnik
227,Daniel Brown,4961380,hisa,Velenje
228,Emily Johnson,6991509,zemljisce,Koper
229,Emily Johnson,328111,hisa,Maribor
230,John Smith,4032494,hisa,Maribor
231,John Smith,1950918,stanovanje,Velenje
232,Michael Davis,9281266,zemljisce,Trbovlje
233,Emma Wilson,1669538,zemljisce,Koper
234,John Smith,7042590,stanovanje,Trbovlje
235,Michael Davis,5484948,hisa,Novo Mesto
236,Michael Davis,6404707,stanovanje,Maribor
237,Emily Johnson,6285701,hisa,Ljubljana
238,John Smith,6888697,zemljisce,Celje
239,Daniel Brown,2906975,hisa,Maribor
240,John Smith,6397362,zemljisce,Kranj
241,Emma Wilson,4203976,stanovanje,Ptuj
242,John Smith,3777209,hisa,Kranj
243,Emma Wilson,9659047,stanovanje,Kranj
244,Daniel Brown,5057973,zemljisce,Koper
245,Daniel Brown,9568337,stanovanje,Celje
246,John Smith,4080040,stanovanje,Maribor
247,Daniel Brown,1103750,hisa,Novo Mesto
248,Daniel Brown,7441658,stanovanje,Maribor
249,John Smith,3432497,hisa,Velenje
250,Michael Davis,4536796,stanovanje,Maribor
251,Emma Wilson,2570449,hisa,Kranj
252,Michael Davis,7055744,hisa,Koper
253,Emma Wilson,6795888,zemljisce,Koper
254,Emma Wilson,5925377,zemljisce,Koper
255,Michael Davis,1521622,stanovanje,Kranj
256,Emma Wilson,7573322,hisa,Velenje
257,Emma Wilson,5369898,hisa,Velenje
258,John Smith,8785127,hisa,Koper
259,Emma Wilson,676400,zemljisce,Koper
260,Emma Wilson,9818237,hisa,Kamnik
261,John Smith,9106701,hisa,Kamnik
262,Emily Johnson,6875867,hisa,Ljubljana
263,Emma Wilson,5394235,zemljisce,Ptuj
264,Michael Davis,705549,hisa,Ljubljana
265,Daniel Brown,4256552,hisa,Novo Mesto
266,Michael Davis,9123370,stanovanje,Trbovlje
267,John Smith,1956614,stanovanje,Koper
268,Michael Davis,9489123,hisa,Ljubljana
269,Emma Wilson,2834608,zemljisce,Velenje
270,Michael Davis,3010727,hisa,Kamnik
271,Michael Davis,8760050,zemljisce,Kranj
272,Emily Johnson,2028868,zemljisce,Ljubljana
273,Emma Wilson,1346355,stanovanje,Ljubljana
274,Emma Wilson,1952547,zemljisce,Kamnik
275,Emily Johnson,1156179,hisa,Ptuj
276,John Smith,9961731,hisa,Ptuj
277,Emma Wilson,2259404,stanovanje,Kamnik
278,John Smith,1960635,hisa,Ptuj
279,Emily Johnson,1022658,hisa,Novo Mesto
280,John Smith,829514,stanovanje,Velenje
281,John Smith,706527,zemljisce,Trbovlje
282,Daniel Brown,9672175,zemljisce,Ptuj
283,Emily Johnson,8305495,stanovanje,Maribor
284,Daniel Brown,5070819,hisa,Velenje
285,John Smith,4763389,zemljisce,Velenje
286,Emma Wilson,5911825,stanovanje,Maribor
287,Michael Davis,3011596,stanovanje,Ptuj
288,Michael Davis,5584474,hisa,Maribor
289,John Smith,3207989,hisa,Kamnik
290,Michael Davis,1954916,zemljisce,Koper
291,Michael Davis,3671377,zemljisce,Trbovlje
292,Emma Wilson,1278269,zemljisce,Velenje
293,John Smith,7966904,zemljisce,Trbovlje
294,Michael Davis,8847461,stanovanje,Maribor
295,Emily Johnson,6794752,zemljisce,Celje
296,Emily Johnson,3065431,hisa,Maribor
297,Daniel Brown,310718,stanovanje,Novo Mesto
298,Emily Johnson,8442188,zemljisce,Koper
299,Emma Wilson,2392780,hisa,Ptuj
300,Emma Wilson,2510353,hisa,Maribor
301,John Smith,5930606,stanovanje,Ptuj
302,Emma Wilson,3709181,zemljisce,Celje
303,Emily Johnson,9100793,zemljisce,Kamnik
304,Emily Johnson,7741657,stanovanje,Kamnik
305,Michael Davis,5870489,stanovanje,Trbovlje
306,Daniel Brown,7572180,hisa,Ptuj
307,John Smith,4336870,zemljisce,Kranj
308,Daniel Brown,5955505,stanovanje,Novo Mesto
309,John Smith,469648,zemljisce,Kamnik
310,Daniel Brown,9105912,stanovanje,Kamnik
311,Emma Wilson,577347,hisa,Celje
312,John Smith,9739633,stanovanje,Velenje
313,John Smith,2969511,zemljisce,Kamnik
314,Daniel Brown,4808823,zemljisce,Novo Mesto
315,Emma Wilson,3741635,stanovanje,Trbovlje
316,John Smith,1219029,stanovanje,Trbovlje
317,Emily Johnson,9074449,stanovanje,Maribor
318,Emily Johnson,165556,hisa,Velenje
319,Emma Wilson,3855909,stanovanje,Novo Mesto
320,Emma Wilson,1919580,zemljisce,Novo Mesto
321,John Smith,5280712,hisa,Ptuj
322,Daniel Brown,5889995,stanovanje,Velenje
323,John Smith,8132280,zemljisce,Kamnik
324,Michael Davis,6680355,stanovanje,Maribor
325,Michael Davis,3561111,hisa,Velenje
326,John Smith,8024288,hisa,Ljubljana
327,Michael Davis,4102822,stanovanje,Ljubljana
328,John Smith,937924,zemljisce,Maribor
329,Emily Johnson,798455,hisa,Celje
330,Emma Wilson,5376007,hisa,Koper
331,John Smith,2901248,stanovanje,Trbovlje
332,Daniel Brown,6795126,stanovanje,Celje
333,Daniel Brown,2932476,zemljisce,Velenje
334,Emily Johnson,9176752,hisa,Celje
335,Emily Johnson,6330220,zemljisce,Kamnik
336,Emily Johnson,2183122,stanovanje,Ljubljana
337,Daniel Brown,3056915,zemljisce,Novo Mesto
338,Daniel Brown,3998836,stanovanje,Ljubljana
339,Emma Wilson,6980159,zemljisce,Koper
340,Daniel Brown,53274,hisa,Ptuj
341,Emma Wilson,7418087,hisa,Maribor
342,Emma Wilson,9586553,zemljisce,Kranj
343,Michael Davis,5413473,hisa,Kamnik
344,Michael Davis,9057841,zemljisce,Ljubljana
345,Daniel Brown,9603202,stanovanje,Maribor
346,Emma Wilson,4118516,hisa,Ljubljana
347,John Smith,9812073,hisa,Ljubljana
348,Daniel Brown,532055,hisa,Trbovlje
349,Emily Johnson,5420722,stanovanje,Novo Mesto
350,John Smith,6935655,zemljisce,Ptuj
351,John Smith,2004129,hisa,Novo Mesto
352,John Smith,644383,hisa,Maribor
353,Emily Johnson,3489713,hisa,Velenje
354,Daniel Brown,944993,stanovanje,Kranj
355,Emily Johnson,8981627,zemljisce,Koper
356,Emily Johnson,920049,hisa,Ptuj
357,John Smith,8564527,zemljisce,Novo Mesto
358,Michael Davis,2531309,hisa,Trbovlje
359,Michael Davis,6979421,zemljisce,Trbovlje
360,Daniel Brown,9389633,hisa,Ljubljana
361,Emily Johnson,4963088,stanovanje,Maribor
362,John Smith,5586666,zemljisce,Velenje
363,Daniel Brown,8288690,stanovanje,Ljubljana
364,Emily Johnson,1794038,hisa,Celje
365,Daniel Brown,5006226,hisa,Kamnik
366,Emma Wilson,5809168,stanovanje,Ptuj
367,Daniel Brown,6738951,hisa,Trbovlje
368,Emily Johnson,4408325,stanovanje,Trbovlje
369,Daniel Brown,366125,zemljisce,Maribor
370,Emma Wilson,9832091,stanovanje,Ljubljana
371,Daniel Brown,6979241,stanovanje,Velenje
372,Emma Wilson,4287342,stanovanje,Velenje
373,Emily Johnson,8382946,hisa,Kranj
374,Michael Davis,1487717,hisa,Ptuj
375,Daniel Brown,4020542,zemljisce,Kranj
376,Emma Wilson,9101736,hisa,Celje
377,Emma Wilson,3405264,hisa,Kamnik
378,Emily Johnson,7734194,hisa,Trbovlje
379,Emma Wilson,7801968,zemljisce,Trbovlje
380,Emily Johnson,8377054,zemljisce,Kranj
381,Emma Wilson,2698861,zemljisce,Kranj
382,Michael Davis,2978879,stanovanje,Velenje
383,Daniel Brown,8844297,zemljisce,Koper
384,John Smith,1797086,zemljisce,Velenje
385,John Smith,9145708,stanovanje,Ljubljana
386,John Smith,1793806,hisa,Koper
387,Michael Davis,8603557,stanovanje,Ptuj
388,John Smith,3435347,hisa,Ljubljana
389,Daniel Brown,887520,zemljisce,Novo Mesto
390,Daniel Brown,906488,zemljisce,Velenje
391,Emma Wilson,4584880,hisa,Celje
392,Emma Wilson,1847039,hisa,Maribor
393,Michael Davis,8348523,zemljisce,Kranj
394,Michael Davis,701615,stanovanje,Novo Mesto
395,John Smith,2066198,hisa,Ljubljana
396,Michael Davis,878522,hisa,Ljubljana
397,Daniel Brown,6531004,stanovanje,Celje
398,Daniel Brown,248558,stanovanje,Maribor
399,Michael Davis,1965744,stanovanje,Maribor
400,Emily Johnson,5817956,hisa,Novo Mesto
401,Emma Wilson,4313832,hisa,Velenje
402,Michael Davis,300212,zemljisce,Ptuj
403,Emily Johnson,6303263,stanovanje,Celje
404,Michael Davis,509668,zemljisce,Novo Mesto
405,Emma Wilson,270937,hisa,Velenje
406,Emily Johnson,4366576,hisa,Ljubljana
407,Daniel Brown,9605597,zemljisce,Trbovlje
408,Daniel Brown,5422042,hisa,Koper
409,Emily Johnson,93387,stanovanje,Celje
410,Michael Davis,7693047,stanovanje,Kamnik
411,Emily Johnson,1601149,hisa,Kamnik
412,Daniel Brown,2712585,zemljisce,Kranj
413,John Smith,7074223,hisa,Maribor
414,Emily Johnson,4210983,stanovanje,Trbovlje
415,Emma Wilson,2497147,zemljisce,Novo Mesto
416,Emma Wilson,6758149,stanovanje,Ptuj
417,Michael Davis,2824671,zemljisce,Kranj
418,Daniel Brown,7935813,zemljisce,Kamnik
419,Daniel Brown,2946532,hisa,Kranj
420,Emily Johnson,9279167,stanovanje,Ptuj
421,Daniel Brown,8571705,zemljisce,Ptuj
422,John Smith,4822654,stanovanje,Velenje
423,Emma Wilson,2602700,zemljisce,Ljubljana
424,Michael Davis,2653493,stanovanje,Maribor
425,Michael Davis,3948217,zemljisce,Ljubljana
426,Michael Davis,7000182,zemljisce,Koper
427,John Smith,8335765,zemljisce,Velenje
428,Michael Davis,4988033,stanovanje,Kranj
429,Emma Wilson,6777042,stanovanje,Velenje
430,Daniel Brown,2414334,stanovanje,Velenje
431,Emily Johnson,2926838,hisa,Ptuj
432,Emma Wilson,5983663,hisa,Celje
433,Daniel Brown,5643392,zemljisce,Trbovlje
434,John Smith,5925347,zemljisce,Maribor
435,Daniel Brown,2587170,zemljisce,Ptuj
436,Emma Wilson,9952312,zemljisce,Kamnik
437,Emma Wilson,2134196,stanovanje,Ljubljana
438,John Smith,531300,stanovanje,Koper
439,Emma Wilson,2974670,zemljisce,Novo Mesto
440,Michael Davis,1014909,stanovanje,Ljubljana
441,Michael Davis,908590,hisa,Kranj
442,Michael Davis,633573,stanovanje,Kranj
443,Emily Johnson,5541254,zemljisce,Ljubljana
444,Emily Johnson,7420496,hisa,Ptuj
445,Michael Davis,3624948,zemljisce,Maribor
446,Emily Johnson,5705294,zemljisce,Koper
447,Emma Wilson,2575012,hisa,Celje
448,Emily Johnson,4253019,hisa,Maribor
449,John Smith,4842714,stanovanje,Ljubljana
450,Emily Johnson,7701032,stanovanje,Velenje
451,Emma Wilson,8455403,zemljisce,Trbovlje
452,Emily Johnson,6518177,hisa,Kranj
453,Michael Davis,7072609,zemljisce,Ljubljana
454,Emma Wilson,7710702,hisa,Novo Mesto
455,Emily Johnson,8404977,zemljisce,Ljubljana
456,Emma Wilson,3454409,stanovanje,Ljubljana
457,John Smith,6815225,zemljisce,Novo Mesto
458,John Smith,8937868,zemljisce,Koper
459,Daniel Brown,5007783,hisa,Maribor
460,Michael Davis,6919825,stanovanje,Celje
461,Emma Wilson,3071698,stanovanje,Trbovlje
462,Michael Davis,995992,stanovanje,Kamnik
463,Michael Davis,7211815,stanovanje,Celje
464,Daniel Brown,1849233,stanovanje,Ptuj
465,John Smith,9864201,hisa,Celje
466,John Smith,9938305,hisa,Trbovlje
467,Michael Davis,3609589,stanovanje,Celje
468,Emma Wilson,2436387,zemljisce,Novo Mesto
469,Michael Davis,4438739,stanovanje,Ptuj
470,Michael Davis,9277503,zemljisce,Ptuj
471,Michael Davis,9056479,hisa,Ljubljana
472,Emily Johnson,4642562,hisa,Ptuj
473,Michael Davis,1903321,stanovanje,Celje
474,John Smith,4256367,hisa,Novo Mesto
475,John Smith,7949535,hisa,Kranj
476,John Smith,7303386,stanovanje,Novo Mesto
477,John Smith,2378379,hisa,Ljubljana
478,Michael Davis,3414396,hisa,Maribor
479,Emma Wilson,799728,stanovanje,Ptuj
480,Daniel Brown,1843845,zemljisce,Novo Mesto
481,Daniel Brown,2178898,zemljisce,Celje
482,Emma Wilson,9753182,zemljisce,Ptuj
483,Emily Johnson,6797745,hisa,Kamnik
484,John Smith,2020823,stanovanje,Ptuj
485,John Smith,4437746,zemljisce,Kamnik
486,Emma Wilson,7666489,stanovanje,Ljubljana
487,Daniel Brown,4588715,hisa,Ptuj
488,Emma Wilson,9999704,stanovanje,Koper
489,Michael Davis,2824733,stanovanje,Velenje
490,Daniel Brown,7588997,stanovanje,Ljubljana
491,Emma Wilson,1497455,zemljisce,Maribor
492,Michael Davis,354627,stanovanje,Velenje
493,Emma Wilson,1342606,zemljisce,Koper
494,John Smith,7963994,stanovanje,Ljubljana
495,Daniel Brown,4682616,zemljisce,Ptuj
496,John Smith,3415588,stanovanje,Maribor
497,John Smith,7990744,zemljisce,Kranj
498,Emily Johnson,2245759,hisa,Ptuj
499,Emily Johnson,1339184,hisa,Kamnik
500,Michael Davis,9196461,zemljisce,Ljubljana
501,Michael Davis,3576407,stanovanje,Ptuj
502,Daniel Brown,9962009,hisa,Trbovlje
503,Emily Johnson,603517,hisa,Kamnik
504,John Smith,4265168,stanovanje,Maribor
505,Michael Davis,9357360,stanovanje,Ptuj
506,Michael Davis,2200841,hisa,Kranj
507,Emily Johnson,1433887,zemljisce,Novo Mesto
508,Emma Wilson,8895319,zemljisce,Ljubljana
509,Emily Johnson,1487237,zemljisce,Ptuj
510,John Smith,3660702,stanovanje,Trbovlje
511,Emma Wilson,1027448,hisa,Ljubljana
512,Emma Wilson,6955289,stanovanje,Koper
513,Emma Wilson,556356,hisa,Ptuj
514,Emma Wilson,847893,stanovanje,Ptuj
515,John Smith,2784344,stanovanje,Kamnik
516,Emily Johnson,1189858,zemljisce,Maribor
517,Emily Johnson,657007,stanovanje,Velenje
518,Michael Davis,2441421,hisa,Ljubljana
519,John Smith,6725168,hisa,Velenje
520,Emma Wilson,3869612,stanovanje,Velenje
521,Michael Davis,6926800,stanovanje,Celje
522,Emma Wilson,2242323,hisa,Velenje
523,John Smith,7552827,zemljisce,Celje
524,Daniel Brown,565313,hisa,Ljubljana
525,Emily Johnson,784801,zemljisce,Celje
526,Daniel Brown,9128253,zemljisce,Ljubljana
527,John Smith,4695706,hisa,Koper
528,Emily Johnson,695776,hisa,Trbovlje
529,Michael Davis,4656842,zemljisce,Ptuj
530,John Smith,6385217,hisa,Kamnik
531,Emma Wilson,1043509,hisa,Kamnik
532,Daniel Brown,9979817,stanovanje,Novo Mesto
533,Emma Wilson,7352437,stanovanje,Kamnik
534,John Smith,4438824,zemljisce,Koper
535,Daniel Brown,6146344,zemljisce,Novo Mesto
536,John Smith,7499514,stanovanje,Trbovlje
537,Michael Davis,1988033,stanovanje,Celje
538,Michael Davis,3635913,stanovanje,Novo Mesto
539,Michael Davis,1115730,hisa,Maribor
540,Emma Wilson,5079728,hisa,Celje
541,Emily Johnson,656182,stanovanje,Maribor
542,Daniel Brown,6153521,hisa,Velenje
543,John Smith,2032554,stanovanje,Novo Mesto
544,Emily Johnson,3008301,hisa,Kranj
545,Daniel Brown,669271,zemljisce,Koper
546,Emily Johnson,8637019,stanovanje,Velenje
547,Emily Johnson,8268485,zemljisce,Velenje
548,John Smith,904818,zemljisce,Koper
549,Daniel Brown,1464684,stanovanje,Velenje
550,Michael Davis,9906845,hisa,Ptuj
551,John Smith,4280322,hisa,Kamnik
552,Emma Wilson,2575181,hisa,Koper
553,Daniel Brown,5182569,hisa,Kranj
554,Daniel Brown,6415069,stanovanje,Trbovlje
555,Michael Davis,7119672,hisa,Koper
556,Michael Davis,7805890,hisa,Trbovlje
557,Emma Wilson,9458233,hisa,Celje
558,Emily Johnson,2695842,stanovanje,Koper
559,John Smith,6479041,zemljisce,Velenje
560,Emma Wilson,6855838,stanovanje,Koper
561,John Smith,4682836,zemljisce,Celje
562,Emily Johnson,2435314,zemljisce,Maribor
563,John Smith,4401881,hisa,Ljubljana
564,Daniel Brown,3262343,zemljisce,Ptuj
565,Emma Wilson,7695463,hisa,Koper
566,Daniel Brown,3452716,zemljisce,Koper
567,John Smith,7602347,hisa,Trbovlje
568,Emily Johnson,477520,stanovanje,Celje
569,Michael Davis,8409341,hisa,Kranj
570,Emily Johnson,9706733,hisa,Kranj
571,Daniel Brown,1525663,zemljisce,Velenje
572,Emma Wilson,2536008,hisa,Ljubljana
573,John Smith,1324491,stanovanje,Novo Mesto
574,Emma Wilson,292337,zemljisce,Velenje
575,Emma Wilson,175478,hisa,Maribor
576,Emma Wilson,4527891,zemljisce,Celje
577,Michael Davis,760909,zemljisce,Trbovlje
578,Emily Johnson,5312140,zemljisce,Novo Mesto
579,Michael Davis,7142313,stanovanje,Ptuj
580,John Smith,5229796,hisa,Maribor
581,John Smith,3899196,zemljisce,Novo Mesto
582,Emma Wilson,5652665,hisa,Maribor
583,Emily Johnson,7644563,stanovanje,Kamnik
584,Michael Davis,437863,stanovanje,Koper
585,Emily Johnson,8413138,zemljisce,Kamnik
586,John Smith,419900,zemljisce,Kamnik
587,Emma Wilson,9598389,stanovanje,Novo Mesto
588,Daniel Brown,8857100,stanovanje,Velenje
589,Daniel Brown,4008297,stanovanje,Trbovlje
590,Emily Johnson,4456113,hisa,Ljubljana
591,Emily Johnson,1687951,hisa,Trbovlje
592,John Smith,5957225,zemljisce,Ljubljana
593,Daniel Brown,6341394,zemljisce,Maribor
594,Daniel Brown,2171978,zemljisce,Ptuj
595,Daniel Brown,4366581,stanovanje,Kamnik
596,Michael Davis,1839954,stanovanje,Ptuj
597,Michael Davis,2803316,zemljisce,Velenje
598,Michael Davis,2987780,stanovanje,Koper
599,Emily Johnson,4728937,hisa,Ljubljana
600,Daniel Brown,4989663,zemljisce,Kranj
601,Daniel Brown,4144523,hisa,Trbovlje
602,Emma Wilson,9500957,stanovanje,Novo Mesto
603,Emma Wilson,9928719,hisa,Maribor
604,Emma Wilson,9807559,zemljisce,Ptuj
605,Emily Johnson,2911769,stanovanje,Maribor
606,Emily Johnson,9555295,stanovanje,Trbovlje
607,Emily Johnson,3978992,stanovanje,Ljubljana
608,John Smith,1837422,stanovanje,Novo Mesto
609,Emily Johnson,933713,stanovanje,Celje
610,Michael Davis,1032791,hisa,Celje
611,Emily Johnson,5491359,stanovanje,Trbovlje
612,Emily Johnson,7046131,hisa,Kranj
613,Michael Davis,7616638,zemljisce,Maribor
614,Daniel Brown,466956,zemljisce,Celje
615,Emma Wilson,2708291,hisa,Ptuj
616,John Smith,593280,zemljisce,Kranj
617,Michael Davis,6865522,stanovanje,Ptuj
618,Michael Davis,9499729,hisa,Celje
619,Emma Wilson,4776103,stanovanje,Maribor
620,Michael Davis,9443885,zemljisce,Ptuj
621,Emma Wilson,1271723,stanovanje,Koper
622,John Smith,7708927,stanovanje,Kranj
623,Michael Davis,1234492,hisa,Trbovlje
624,Daniel Brown,6357981,zemljisce,Trbovlje
625,Daniel Brown,3983016,hisa,Kamnik
626,Michael Davis,2560208,stanovanje,Kamnik
627,Emma Wilson,5601334,hisa,Ljubljana
628,Emily Johnson,1555125,hisa,Velenje
629,Emma Wilson,9918691,hisa,Ptuj
630,Daniel Brown,3541010,hisa,Ljubljana
631,Daniel Brown,2167185,stanovanje,Velenje
632,Emily Johnson,201393,zemljisce,Trbovlje
633,Emily Johnson,4768613,hisa,Ljubljana
634,Emma Wilson,8647190,stanovanje,Kamnik
635,John Smith,3023333,stanovanje,Velenje
636,Emily Johnson,3783406,stanovanje,Kranj
637,Michael Davis,5300635,stanovanje,Velenje
638,Emma Wilson,6476667,zemljisce,Velenje
639,Michael Davis,5392677,zemljisce,Maribor
640,Daniel Brown,9385643,zemljisce,Novo Mesto
641,Emily Johnson,1239807,stanovanje,Novo Mesto
642,Daniel Brown,5782058,hisa,Novo Mesto
643,Michael Davis,7440672,stanovanje,Ptuj
644,Daniel Brown,7039248,zemljisce,Celje
645,Daniel Brown,9026178,hisa,Kranj
646,Emma Wilson,466313,stanovanje,Kranj
647,Daniel Brown,1025068,zemljisce,Ptuj
648,Emma Wilson,6887606,hisa,Kranj
649,Emma Wilson,2862619,stanovanje,Trbovlje
650,Emily Johnson,4636474,stanovanje,Ptuj
651,Emma Wilson,2003452,zemljisce,Trbovlje
652,Emily Johnson,6891366,hisa,Maribor
653,Emily Johnson,2094940,hisa,Celje
654,Emma Wilson,3688623,hisa,Trbovlje
655,Emma Wilson,6864565,stanovanje,Trbovlje
656,John Smith,6276411,zemljisce,Ljubljana
657,Emily Johnson,4056804,stanovanje,Maribor
658,Daniel Brown,6593263,hisa,Maribor
659,Daniel Brown,3365715,stanovanje,Celje
660,Emily Johnson,1528084,zemljisce,Novo Mesto
661,Emma Wilson,4609644,stanovanje,Velenje
662,Emma Wilson,2292094,stanovanje,Kranj
663,Emma Wilson,5517948,zemljisce,Ptuj
664,Michael Davis,9770524,zemljisce,Trbovlje
665,Michael Davis,3226868,hisa,Velenje
666,Michael Davis,3181996,stanovanje,Ljubljana
667,Emily Johnson,1510497,zemljisce,Ljubljana
668,Michael Davis,740702,hisa,Novo Mesto
669,Emma Wilson,8399588,zemljisce,Ptuj
670,Michael Davis,5639095,stanovanje,Ljubljana
671,John Smith,4193218,zemljisce,Ljubljana
672,John Smith,9902870,stanovanje,Celje
673,Daniel Brown,6008075,stanovanje,Velenje
674,Michael Davis,9824486,stanovanje,Maribor
675,Michael Davis,704363,hisa,Kamnik
676,John Smith,4261324,hisa,Kamnik
677,Michael Davis,9788996,zemljisce,Trbovlje
678,Emily Johnson,8425754,hisa,Novo Mesto
679,Emma Wilson,2524252,hisa,Koper
680,Emma Wilson,4494739,hisa,Maribor
681,John Smith,2755842,stanovanje,Maribor
682,Michael Davis,3824773,zemljisce,Maribor
683,Michael Davis,2341873,zemljisce,Celje
684,Daniel Brown,4259979,stanovanje,Koper
685,Daniel Brown,1171707,zemljisce,Celje
686,John Smith,3740484,stanovanje,Koper
687,Emma Wilson,5066741,stanovanje,Novo Mesto
688,John Smith,5379778,hisa,Koper
689,Michael Davis,7927439,hisa,Trbovlje
690,John Smith,5731357,stanovanje,Novo Mesto
691,Michael Davis,8758796,hisa,Maribor
692,Emma Wilson,8172684,stanovanje,Ptuj
693,Michael Davis,7061105,zemljisce,Ptuj
694,Emily Johnson,4866138,zemljisce,Velenje
695,Emma Wilson,6490995,hisa,Velenje
696,Emma Wilson,7710608,stanovanje,Celje
697,Daniel Brown,8959869,zemljisce,Kranj
698,Emily Johnson,2061648,stanovanje,Celje
699,John Smith,5190894,stanovanje,Trbovlje
700,Emma Wilson,9090208,zemljisce,Novo Mesto
701,John Smith,2545788,zemljisce,Ptuj
702,Michael Davis,7172064,zemljisce,Kamnik
703,Emily Johnson,664692,zemljisce,Kamnik
704,John Smith,2330917,hisa,Celje
705,John Smith,3702245,zemljisce,Koper
706,John Smith,4586610,stanovanje,Novo Mesto
707,John Smith,3122751,stanovanje,Koper
708,Emily Johnson,2988325,hisa,Maribor
709,Emily Johnson,1515776,stanovanje,Ptuj
710,Daniel Brown,4431458,zemljisce,Velenje
711,Daniel Brown,2673319,hisa,Velenje
712,John Smith,5572627,stanovanje,Kamnik
713,Daniel Brown,6193954,stanovanje,Trbovlje
714,John Smith,1725277,stanovanje,Velenje
715,Michael Davis,9747482,zemljisce,Ljubljana
716,Daniel Brown,1411612,hisa,Ljubljana
717,Emily Johnson,3594857,zemljisce,Kamnik
718,John Smith,3549597,zemljisce,Koper
719,Emily Johnson,2941424,stanovanje,Trbovlje
720,Emma Wilson,8147225,hisa,Kranj
721,Emma Wilson,3072541,stanovanje,Celje
722,Michael Davis,7982733,zemljisce,Koper
723,Emily Johnson,6352038,stanovanje,Ljubljana
724,Emily Johnson,663368,hisa,Maribor
725,Emily Johnson,2663935,stanovanje,Kamnik
726,Michael Davis,3017504,zemljisce,Trbovlje
727,Michael Davis,3638194,stanovanje,Maribor
728,Daniel Brown,6661860,stanovanje,Kranj
729,Daniel Brown,6735342,zemljisce,Maribor
730,Emily Johnson,8407889,zemljisce,Trbovlje
731,Emily Johnson,4957093,zemljisce,Trbovlje
732,Michael Davis,6389349,stanovanje,Koper
733,Emily Johnson,7073463,stanovanje,Ljubljana
734,Daniel Brown,3962073,zemljisce,Novo Mesto
735,John Smith,4550796,zemljisce,Ljubljana
736,Emily Johnson,1957489,hisa,Ljubljana
737,Emily Johnson,1581610,zemljisce,Maribor
738,Daniel Brown,710122,zemljisce,Koper
739,Emma Wilson,8477147,hisa,Velenje
740,Michael Davis,4871421,stanovanje,Trbovlje
741,Emma Wilson,647917,hisa,Velenje
742,Emma Wilson,8691111,stanovanje,Koper
743,Michael Davis,9275669,hisa,Kranj
744,Daniel Brown,1014741,hisa,Velenje
745,Emily Johnson,486249,zemljisce,Maribor
746,John Smith,487516,zemljisce,Ptuj
747,John Smith,4550967,zemljisce,Kamnik
748,Emily Johnson,379667,zemljisce,Novo Mesto
749,Daniel Brown,3510847,stanovanje,Kranj
750,Michael Davis,1356347,stanovanje,Maribor
751,Michael Davis,5933568,zemljisce,Ljubljana
752,John Smith,71879,zemljisce,Novo Mesto
753,John Smith,7819025,zemljisce,Koper
754,Emma Wilson,4266302,zemljisce,Ptuj
755,Emily Johnson,1943733,stanovanje,Kamnik
756,Daniel Brown,8403431,hisa,Novo Mesto
757,Daniel Brown,3979861,zemljisce,Kranj
758,Emma Wilson,2329250,stanovanje,Velenje
759,John Smith,4725616,stanovanje,Novo Mesto
760,Emma Wilson,1557168,stanovanje,Ljubljana
761,Daniel Brown,6327065,hisa,Kamnik
762,Daniel Brown,8288544,hisa,Ljubljana
763,Daniel Brown,552528,stanovanje,Koper
764,Emma Wilson,3173746,hisa,Koper
765,Daniel Brown,5525352,hisa,Ptuj
766,Michael Davis,4127964,zemljisce,Koper
767,John Smith,1861606,zemljisce,Ptuj
768,Emma Wilson,444307,stanovanje,Koper
769,John Smith,6964259,zemljisce,Kranj
770,John Smith,7928212,zemljisce,Celje
771,Michael Davis,2283328,hisa,Velenje
772,John Smith,9285940,zemljisce,Trbovlje
773,Emma Wilson,2806377,zemljisce,Ptuj
774,Emily Johnson,4570275,hisa,Celje
775,Daniel Brown,3381449,stanovanje,Koper
776,Michael Davis,900374,stanovanje,Trbovlje
777,Emma Wilson,6215666,zemljisce,Ljubljana
778,John Smith,2197171,zemljisce,Celje
779,John Smith,195219,hisa,Maribor
780,Emma Wilson,3980431,stanovanje,Ptuj
781,Daniel Brown,3959168,zemljisce,Novo Mesto
782,Daniel Brown,8410331,stanovanje,Ptuj
783,Emily Johnson,4118062,zemljisce,Ljubljana
784,Emily Johnson,5669214,stanovanje,Koper
785,Emma Wilson,7428908,stanovanje,Kranj
786,John Smith,6630716,zemljisce,Velenje
787,Daniel Brown,6203030,hisa,Kranj
788,Emily Johnson,7167550,hisa,Velenje
789,Emma Wilson,4957717,stanovanje,Kranj
790,Emma Wilson,7307549,stanovanje,Ljubljana
791,John Smith,1370402,hisa,Kamnik
792,Emma Wilson,6530648,zemljisce,Celje
793,Michael Davis,1478150,stanovanje,Kranj
794,Michael Davis,2088445,stanovanje,Novo Mesto
795,Emma Wilson,7145409,stanovanje,Ptuj
796,Michael Davis,5450640,hisa,Velenje
797,Michael Davis,5147395,hisa,Velenje
798,Emma Wilson,6418189,stanovanje,Ljubljana
799,John Smith,6035940,stanovanje,Kamnik
800,John Smith,9265626,hisa,Maribor
801,Michael Davis,7408944,hisa,Koper
802,Emily Johnson,9953696,hisa,Kranj
803,Emma Wilson,2838503,zemljisce,Trbovlje
804,Daniel Brown,5769364,zemljisce,Kamnik
805,Emma Wilson,8416116,hisa,Maribor
806,Michael Davis,9255260,hisa,Koper
807,Emma Wilson,4707070,hisa,Ptuj
808,Emily Johnson,724506,zemljisce,Trbovlje
809,John Smith,55827,stanovanje,Kranj
810,Emma Wilson,367230,stanovanje,Kranj
811,Emily Johnson,6649583,stanovanje,Kamnik
812,Emily Johnson,3758558,hisa,Ptuj
813,Emily Johnson,6705659,stanovanje,Velenje
814,Emily Johnson,8620319,zemljisce,Kranj
815,Daniel Brown,7980295,zemljisce,Maribor
816,Michael Davis,2188834,stanovanje,Kamnik
817,Daniel Brown,1144017,hisa,Novo Mesto
818,Michael Davis,7512472,zemljisce,Trbovlje
819,Emma Wilson,1973448,hisa,Kamnik
820,Michael Davis,9856962,zemljisce,Kranj
821,Emma Wilson,5332905,stanovanje,Ljubljana
822,Daniel Brown,8184506,zemljisce,Ptuj
823,Emma Wilson,3052179,zemljisce,Maribor
824,Daniel Brown,1656407,hisa,Maribor
825,Michael Davis,6728781,stanovanje,Celje
826,Daniel Brown,9694293,stanovanje,Kranj
827,Emma Wilson,3283912,hisa,Ptuj
828,Emma Wilson,7480591,stanovanje,Velenje
829,Emma Wilson,975009,stanovanje,Koper
830,Emma Wilson,1295329,stanovanje,Koper
831,Daniel Brown,4613785,zemljisce,Maribor
832,John Smith,3713573,zemljisce,Kamnik
833,Daniel Brown,4285120,hisa,Maribor
834,Emily Johnson,6324154,stanovanje,Celje
835,Emma Wilson,7906430,stanovanje,Koper
836,Emma Wilson,4214261,hisa,Kranj
837,John Smith,3372551,hisa,Ljubljana
838,Emily Johnson,5768191,zemljisce,Velenje
839,Daniel Brown,7917787,stanovanje,Trbovlje
840,Emma Wilson,277263,stanovanje,Maribor
841,John Smith,6538154,hisa,Maribor
842,Emily Johnson,9318102,stanovanje,Maribor
843,Daniel Brown,1270227,hisa,Velenje
844,Emily Johnson,4913067,hisa,Ptuj
845,John Smith,6281004,stanovanje,Kranj
846,Emma Wilson,7452266,stanovanje,Velenje
847,Emily Johnson,6210811,stanovanje,Ptuj
848,Daniel Brown,5489671,hisa,Celje
849,John Smith,6065561,hisa,Novo Mesto
850,Emma Wilson,1361495,hisa,Ljubljana
851,Emily Johnson,8723349,stanovanje,Celje
852,Michael Davis,4648915,hisa,Kamnik
853,Michael Davis,9805378,hisa,Maribor
854,Michael Davis,1076632,hisa,Novo Mesto
855,Michael Davis,5929182,hisa,Koper
856,Emma Wilson,8822512,stanovanje,Ptuj
857,Michael Davis,5078095,zemljisce,Novo Mesto
858,Daniel Brown,2097201,stanovanje,Ljubljana
859,John Smith,8038250,zemljisce,Ptuj
860,Daniel Brown,89546,hisa,Maribor
861,Michael Davis,1469029,hisa,Celje
862,John Smith,6222794,stanovanje,Kranj
863,Daniel Brown,8548962,zemljisce,Trbovlje
864,John Smith,4338618,zemljisce,Koper
865,Michael Davis,4423779,stanovanje,Ptuj
866,John Smith,1421315,zemljisce,Celje
867,Emma Wilson,5243386,hisa,Kamnik
868,Michael Davis,4182741,zemljisce,Maribor
869,Emily Johnson,1712145,zemljisce,Koper
870,Emily Johnson,177783,stanovanje,Kamnik
871,John Smith,3742257,stanovanje,Kamnik
872,Michael Davis,1621300,hisa,Novo Mesto
873,John Smith,7975958,zemljisce,Trbovlje
874,Daniel Brown,9290571,stanovanje,Trbovlje
875,Michael Davis,4780435,hisa,Maribor
876,John Smith,9922364,hisa,Ljubljana
877,Emma Wilson,7786771,stanovanje,Kamnik
878,Daniel Brown,4962632,hisa,Koper
879,Michael Davis,7809817,zemljisce,Kranj
880,Michael Davis,4590492,stanovanje,Ptuj
881,John Smith,3831917,hisa,Novo Mesto
882,John Smith,9048046,zemljisce,Koper
883,John Smith,9575939,stanovanje,Ptuj
884,Michael Davis,818116,stanovanje,Velenje
885,Daniel Brown,9876548,stanovanje,Kranj
886,Emma Wilson,4930913,stanovanje,Ptuj
887,Michael Davis,3863095,zemljisce,Novo Mesto
888,Michael Davis,204493,zemljisce,Kranj
889,Emily Johnson,9886651,hisa,Ljubljana
890,John Smith,2596535,hisa,Ljubljana
891,Emily Johnson,9187279,zemljisce,Novo Mesto
892,John Smith,1041643,zemljisce,Kranj
893,Michael Davis,7775595,hisa,Ljubljana
894,Emily Johnson,2952810,stanovanje,Koper
895,Daniel Brown,7523329,hisa,Ptuj
896,Emily Johnson,2878281,zemljisce,Celje
897,Michael Davis,8908273,zemljisce,Ljubljana
898,Emily Johnson,6909644,hisa,Koper
899,Emily Johnson,6502008,stanovanje,Velenje
900,Michael Davis,3626519,hisa,Kranj
901,Michael Davis,5143890,zemljisce,Velenje
902,Emma Wilson,6166505,zemljisce,Trbovlje
903,John Smith,7126294,hisa,Celje
904,Daniel Brown,9865305,stanovanje,Koper
905,Michael Davis,7049085,hisa,Novo Mesto
906,Emma Wilson,3340868,stanovanje,Koper
907,Emily Johnson,332081,stanovanje,Ptuj
908,John Smith,8808748,hisa,Celje
909,Emma Wilson,9112565,zemljisce,Maribor
910,Daniel Brown,2152068,hisa,Novo Mesto
911,Emily Johnson,5029141,zemljisce,Velenje
912,Emily Johnson,4588755,zemljisce,Maribor
913,Emily Johnson,1614398,stanovanje,Kamnik
914,Michael Davis,6917660,hisa,Velenje
915,Daniel Brown,2041782,hisa,Trbovlje
916,Emma Wilson,5655594,zemljisce,Ptuj
917,Daniel Brown,5487406,stanovanje,Maribor
918,Emma Wilson,7989636,zemljisce,Koper
919,Daniel Brown,4211273,zemljisce,Trbovlje
920,Michael Davis,3007576,stanovanje,Novo Mesto
921,John Smith,6441691,stanovanje,Velenje
922,Emily Johnson,8887634,stanovanje,Novo Mesto
923,Daniel Brown,9895768,hisa,Trbovlje
924,Emma Wilson,7850773,hisa,Trbovlje
925,Emma Wilson,1671652,stanovanje,Trbovlje
926,Emily Johnson,2818335,hisa,Trbovlje
927,Daniel Brown,4811430,stanovanje,Trbovlje
928,Daniel Brown,7932930,stanovanje,Novo Mesto
929,Emma Wilson,6015494,zemljisce,Ljubljana
930,Emily Johnson,5545517,stanovanje,Trbovlje
931,Emily Johnson,5807782,stanovanje,Kamnik
932,Emma Wilson,5513057,stanovanje,Novo Mesto
933,Daniel Brown,4039678,hisa,Celje
934,Emily Johnson,2651598,zemljisce,Koper
935,Emily Johnson,93522,zemljisce,Kamnik
936,Daniel Brown,183459,hisa,Ptuj
937,Emma Wilson,7838772,stanovanje,Ptuj
938,Michael Davis,3924778,stanovanje,Koper
939,John Smith,7281686,zemljisce,Kamnik
940,John Smith,1418604,hisa,Velenje
941,Emma Wilson,7731436,hisa,Ljubljana
942,Emily Johnson,5407693,stanovanje,Novo Mesto
943,Daniel Brown,5463092,zemljisce,Celje
944,Emily Johnson,8478391,zemljisce,Maribor
945,John Smith,4426522,stanovanje,Celje
946,Michael Davis,7326349,hisa,Ptuj
947,Emily Johnson,1514954,zemljisce,Koper
948,Emily Johnson,4037442,zemljisce,Koper
949,Daniel Brown,4124299,zemljisce,Novo Mesto
950,Emma Wilson,7065767,hisa,Ljubljana
951,Emma Wilson,6724300,zemljisce,Celje
952,Michael Davis,6282799,hisa,Kranj
953,Emily Johnson,7926681,zemljisce,Maribor
954,John Smith,6733827,hisa,Maribor
955,John Smith,9174968,hisa,Velenje
956,Daniel Brown,8737026,stanovanje,Trbovlje
957,Daniel Brown,8409438,hisa,Trbovlje
958,Emma Wilson,3577185,zemljisce,Celje
959,Emily Johnson,365528,zemljisce,Novo Mesto
960,John Smith,5567678,hisa,Velenje
961,John Smith,9809360,stanovanje,Maribor
962,Daniel Brown,7673873,zemljisce,Kamnik
963,Emily Johnson,5579322,stanovanje,Trbovlje
964,Emma Wilson,474116,hisa,Ptuj
965,Emily Johnson,7535017,zemljisce,Celje
966,Michael Davis,2187700,zemljisce,Celje
967,Emma Wilson,6173095,hisa,Velenje
968,Emily Johnson,7384785,stanovanje,Novo Mesto
969,Emily Johnson,2283387,stanovanje,Velenje
970,Emily Johnson,2016285,zemljisce,Kamnik
971,Emma Wilson,8280629,zemljisce,Maribor
972,Michael Davis,7140492,stanovanje,Ptuj
973,Daniel Brown,7018741,stanovanje,Kamnik
974,Emma Wilson,6623592,stanovanje,Ptuj
975,Emily Johnson,4399447,stanovanje,Maribor
976,Emily Johnson,8283064,stanovanje,Ljubljana
977,John Smith,5121062,stanovanje,Celje
978,Emily Johnson,7873954,hisa,Celje
979,Daniel Brown,5351245,zemljisce,Kranj
980,Emily Johnson,1279708,stanovanje,Trbovlje
981,Daniel Brown,3332237,zemljisce,Ptuj
982,Emma Wilson,595537,zemljisce,Ptuj
983,Emma Wilson,4784160,hisa,Maribor
984,Michael Davis,9607274,hisa,Velenje
985,Michael Davis,6714978,zemljisce,Koper
986,Emily Johnson,1967342,hisa,Novo Mesto
987,Emily Johnson,8015286,stanovanje,Maribor
988,Emma Wilson,149669,zemljisce,Ptuj
989,Michael Davis,1799006,zemljisce,Velenje
990,Emily Johnson,9456922,stanovanje,Koper
991,Michael Davis,5977114,zemljisce,Koper
992,Emma Wilson,1926420,stanovanje,Ljubljana
993,Daniel Brown,4343100,zemljisce,Velenje
994,Emily Johnson,2113339,hisa,Ljubljana
995,John Smith,8469577,hisa,Velenje
996,Daniel Brown,3509352,zemljisce,Ptuj
997,John Smith,3522000,zemljisce,Kranj
998,Michael Davis,1810073,zemljisce,Celje
999,Emily Johnson,2867980,stanovanje,Ptuj
1000,Emma Wilson,4984183,stanovanje,Koper
